            it,	        volume,	           obj,	     step-size,	    num-reeval,	  succ-objdiff,	     stnrty-L2,	           kkt,	    tot_reeval,	volume_correction,	       penalty
             0,	6.00000000e-01,	1.44146311e+04,	-1.00000000e+00,	             0,	           inf,	6.92764038e-01,	5.70253400e+04,	             0,	0.00000000e+00,	0.00000000e+00
             1,	6.00000000e-01,	1.24184693e+04,	2.26513239e-07,	             0,	1.99616181e+03,	6.90020418e-01,	3.63894056e+04,	             0,	-4.28421789e+04,	0.00000000e+00
             2,	6.00000000e-01,	1.18984134e+04,	2.67818607e-07,	             0,	5.20055900e+02,	6.87741726e-01,	3.30772219e+04,	             0,	-3.54474542e+04,	0.00000000e+00
             3,	6.00000000e-01,	1.11331159e+04,	6.04695024e-07,	             0,	7.65297461e+02,	6.83105870e-01,	2.85456892e+04,	             0,	-3.38977481e+04,	0.00000000e+00
             4,	6.00000000e-01,	1.02801291e+04,	1.16996824e-06,	             0,	8.52986797e+02,	6.75623507e-01,	2.39376107e+04,	             0,	-3.15357093e+04,	0.00000000e+00
             5,	6.00000000e-01,	9.35705380e+03,	2.22801308e-06,	             0,	9.23075299e+02,	6.64879124e-01,	1.94777620e+04,	             0,	-2.89170755e+04,	0.00000000e+00
             6,	6.00000000e-01,	8.32972717e+03,	4.27565531e-06,	             0,	1.02732663e+03,	6.54846256e-01,	1.50617691e+04,	             0,	-2.61384030e+04,	0.00000000e+00
             7,	6.00000000e-01,	7.12170546e+03,	8.46855584e-06,	             0,	1.20802171e+03,	6.37112231e-01,	1.04675433e+04,	             0,	-2.31388871e+04,	0.00000000e+00
             8,	6.00000000e-01,	5.78914303e+03,	1.68331861e-05,	             0,	1.33256243e+03,	6.02328518e-01,	6.12700053e+03,	             0,	-1.96400395e+04,	0.00000000e+00
             9,	6.00000000e-01,	4.67084702e+03,	3.01322319e-05,	             0,	1.11829600e+03,	5.72026454e-01,	3.68249952e+03,	             0,	-1.56140012e+04,	0.00000000e+00
            10,	6.00000000e-01,	3.79057187e+03,	5.10927527e-05,	             0,	8.80275151e+02,	5.98453865e-01,	2.74625533e+03,	             0,	-1.22690779e+04,	0.00000000e+00
            11,	6.00000000e-01,	3.00951023e+03,	9.63082666e-05,	             0,	7.81061640e+02,	6.40816060e-01,	2.13507626e+03,	             0,	-9.84094232e+03,	0.00000000e+00
            12,	6.00000000e-01,	2.30487518e+03,	1.81266629e-04,	             0,	7.04635053e+02,	5.97270497e-01,	1.66618023e+03,	             0,	-7.83782892e+03,	0.00000000e+00
            13,	6.00000000e-01,	2.01584142e+03,	2.67514661e-04,	             0,	2.89033756e+02,	7.13525677e-01,	2.84295584e+03,	             0,	-5.89469398e+03,	0.00000000e+00
            14,	6.00000000e-01,	1.75856193e+03,	6.23317786e-05,	             2,	2.57279494e+02,	5.75950985e-01,	1.15947889e+03,	             2,	-5.57500502e+03,	0.00000000e+00
            15,	6.00000000e-01,	1.63666862e+03,	6.76448362e-05,	             0,	1.21893305e+02,	5.32902636e-01,	8.27428540e+02,	             2,	-4.23425562e+03,	0.00000000e+00
            16,	6.00000000e-01,	1.47452806e+03,	1.44837924e-04,	             0,	1.62140560e+02,	4.88546021e-01,	5.99256468e+02,	             2,	-3.81810091e+03,	0.00000000e+00
            17,	6.00000000e-01,	1.23945373e+03,	3.25895802e-04,	             0,	2.35074339e+02,	4.18294999e-01,	4.09523504e+02,	             2,	-3.33330711e+03,	0.00000000e+00
            18,	6.00000000e-01,	9.34779891e+02,	9.79996215e-04,	             0,	3.04673834e+02,	3.77863406e-01,	2.54907128e+02,	             2,	-2.62531097e+03,	0.00000000e+00
            19,	6.00000000e-01,	8.73022882e+02,	1.56198668e-03,	             0,	6.17570097e+01,	4.25664466e-01,	5.10135005e+02,	             2,	-1.53849094e+03,	0.00000000e+00
            20,	6.00000000e-01,	8.24213856e+02,	7.95365694e-05,	             4,	4.88090252e+01,	3.47026870e-01,	1.30031525e+02,	             6,	-2.32795331e+03,	0.00000000e+00
            21,	6.00000000e-01,	8.17680510e+02,	8.19204922e-05,	             0,	6.53334611e+00,	3.32224840e-01,	1.11686078e+02,	             6,	-1.44078103e+03,	0.00000000e+00
            22,	6.00000000e-01,	8.04996492e+02,	2.19932337e-04,	             0,	1.26840181e+01,	3.08691588e-01,	9.01916993e+01,	             6,	-1.38839668e+03,	0.00000000e+00
            23,	6.00000000e-01,	7.82862541e+02,	5.66961404e-04,	             0,	2.21339513e+01,	2.77716137e-01,	7.00802066e+01,	             6,	-1.30974680e+03,	0.00000000e+00
            24,	6.00000000e-01,	7.42115387e+02,	1.83579316e-03,	             0,	4.07471540e+01,	2.34987915e-01,	4.32499473e+01,	             6,	-1.23535936e+03,	0.00000000e+00
            25,	6.00000000e-01,	6.99391218e+02,	5.61634809e-03,	             0,	4.27241687e+01,	2.15788928e-01,	1.75446123e+01,	             6,	-1.16914214e+03,	0.00000000e+00
            26,	6.00000000e-01,	6.92253339e+02,	4.41647301e-03,	             1,	7.13787945e+00,	2.27543651e-01,	1.73721576e+01,	             7,	-1.12303194e+03,	0.00000000e+00
            27,	6.00000000e-01,	6.88219034e+02,	2.31268055e-03,	             1,	4.03430504e+00,	2.00138877e-01,	8.46988799e+00,	             8,	-1.10387346e+03,	0.00000000e+00
            28,	6.00000000e-01,	6.86151044e+02,	2.40292590e-03,	             0,	2.06799017e+00,	1.76547698e-01,	3.78514842e+00,	             8,	-1.03721659e+03,	0.00000000e+00
            29,	6.00000000e-01,	6.84852717e+02,	3.75411051e-03,	             0,	1.29832634e+00,	1.69500091e-01,	2.93075311e+00,	             8,	-1.04619123e+03,	0.00000000e+00
            30,	6.00000000e-01,	6.83181061e+02,	1.07905583e-02,	             0,	1.67165575e+00,	1.82133219e-01,	2.84604153e+00,	             8,	-1.05454134e+03,	0.00000000e+00
            31,	6.00000000e-01,	6.82490481e+02,	8.49918249e-03,	             2,	6.90580366e-01,	1.88220933e-01,	3.41495872e+00,	            10,	-1.04760576e+03,	0.00000000e+00
            32,	6.00000000e-01,	6.82025088e+02,	4.93192473e-03,	             1,	4.65393116e-01,	1.88411559e-01,	3.43535381e+00,	            11,	-1.06817667e+03,	0.00000000e+00
            33,	6.00000000e-01,	6.81516838e+02,	4.70281495e-03,	             0,	5.08249593e-01,	1.83687379e-01,	2.22948589e+00,	            11,	-1.04808135e+03,	0.00000000e+00
            34,	6.00000000e-01,	6.81092505e+02,	5.86610337e-03,	             0,	4.24333017e-01,	1.82155912e-01,	2.33408228e+00,	            11,	-1.06216270e+03,	0.00000000e+00
            35,	6.00000000e-01,	6.80499807e+02,	1.31004632e-02,	             0,	5.92698141e-01,	1.83140445e-01,	3.21674551e+00,	            11,	-1.06280574e+03,	0.00000000e+00
            36,	6.00000000e-01,	6.80110504e+02,	3.97308520e-03,	             2,	3.89302870e-01,	1.76186114e-01,	2.54421392e+00,	            13,	-1.08837585e+03,	0.00000000e+00
            37,	6.00000000e-01,	6.79852113e+02,	4.06191394e-03,	             0,	2.58391481e-01,	1.76273621e-01,	2.04669278e+00,	            13,	-1.06834049e+03,	0.00000000e+00
            38,	6.00000000e-01,	6.79572807e+02,	7.08366103e-03,	             0,	2.79305820e-01,	1.74096107e-01,	2.04244876e+00,	            13,	-1.08024057e+03,	0.00000000e+00
            39,	6.00000000e-01,	6.79027654e+02,	2.33831357e-02,	             0,	5.45153339e-01,	1.81621806e-01,	2.64561653e+00,	            13,	-1.08922541e+03,	0.00000000e+00
            40,	6.00000000e-01,	6.78773654e+02,	7.24600862e-03,	             2,	2.53999974e-01,	1.84071763e-01,	2.81684272e+00,	            15,	-1.11855397e+03,	0.00000000e+00
            41,	6.00000000e-01,	6.78542354e+02,	6.92796533e-03,	             0,	2.31299538e-01,	1.79255135e-01,	3.04846928e+00,	            15,	-1.10316554e+03,	0.00000000e+00
            42,	6.00000000e-01,	6.78307243e+02,	6.15667037e-03,	             0,	2.35111447e-01,	1.79698258e-01,	2.89828160e+00,	            15,	-1.13135373e+03,	0.00000000e+00
            43,	6.00000000e-01,	6.78029779e+02,	5.52403315e-03,	             0,	2.77464208e-01,	1.78224317e-01,	2.38712985e+00,	            15,	-1.11465879e+03,	0.00000000e+00
            44,	6.00000000e-01,	6.77753020e+02,	5.73573086e-03,	             0,	2.76758700e-01,	1.68085823e-01,	2.13073254e+00,	            15,	-1.13633470e+03,	0.00000000e+00
            45,	6.00000000e-01,	6.77412524e+02,	7.49685261e-03,	             0,	3.40495803e-01,	1.78260671e-01,	2.57429341e+00,	            15,	-1.13253010e+03,	0.00000000e+00
            46,	6.00000000e-01,	6.77107956e+02,	8.92653589e-03,	             0,	3.04568228e-01,	1.77037354e-01,	3.03713200e+00,	            15,	-1.15940901e+03,	0.00000000e+00
            47,	6.00000000e-01,	6.76802069e+02,	4.08692342e-03,	             1,	3.05886840e-01,	1.69049362e-01,	1.77386189e+00,	            16,	-1.15171614e+03,	0.00000000e+00
            48,	6.00000000e-01,	6.76681490e+02,	5.02644830e-03,	             0,	1.20578984e-01,	1.70153675e-01,	1.74686977e+00,	            16,	-1.16334945e+03,	0.00000000e+00
            49,	6.00000000e-01,	6.76507163e+02,	1.42748367e-02,	             0,	1.74326885e-01,	1.65186598e-01,	1.76242160e+00,	            16,	-1.17096542e+03,	0.00000000e+00
            50,	6.00000000e-01,	6.76348644e+02,	1.39799393e-02,	             1,	1.58518985e-01,	1.68709588e-01,	2.26454712e+00,	            17,	-1.17209319e+03,	0.00000000e+00
            51,	6.00000000e-01,	6.76228918e+02,	7.94080340e-03,	             1,	1.19725879e-01,	1.70355486e-01,	2.06109882e+00,	            18,	-1.17790840e+03,	0.00000000e+00
            52,	6.00000000e-01,	6.76103730e+02,	7.15810382e-03,	             0,	1.25187827e-01,	1.77915619e-01,	1.97049005e+00,	            18,	-1.17272967e+03,	0.00000000e+00
            53,	6.00000000e-01,	6.75913102e+02,	7.52479276e-03,	             0,	1.90628391e-01,	1.70847484e-01,	1.67426429e+00,	            18,	-1.17288881e+03,	0.00000000e+00
            54,	6.00000000e-01,	6.75637434e+02,	1.06240275e-02,	             0,	2.75668122e-01,	1.74604863e-01,	1.87849627e+00,	            18,	-1.16937092e+03,	0.00000000e+00
            55,	6.00000000e-01,	6.75512469e+02,	7.87584161e-03,	             1,	1.24964758e-01,	1.68439017e-01,	1.76797815e+00,	            19,	-1.16731016e+03,	0.00000000e+00
            56,	6.00000000e-01,	6.75429063e+02,	8.76873784e-03,	             0,	8.34059931e-02,	1.69338108e-01,	1.90237708e+00,	            19,	-1.17687037e+03,	0.00000000e+00
            57,	6.00000000e-01,	6.75342531e+02,	8.75390824e-03,	             0,	8.65321111e-02,	1.68483514e-01,	2.24168743e+00,	            19,	-1.16809286e+03,	0.00000000e+00
            58,	6.00000000e-01,	6.75263789e+02,	3.58789279e-03,	             1,	7.87419066e-02,	1.66736753e-01,	1.60044410e+00,	            20,	-1.18530524e+03,	0.00000000e+00
            59,	6.00000000e-01,	6.75235820e+02,	3.60240091e-03,	             0,	2.79692054e-02,	1.62244506e-01,	1.55171891e+00,	            20,	-1.17521351e+03,	0.00000000e+00
            60,	6.00000000e-01,	6.75190251e+02,	7.51955190e-03,	             0,	4.55693028e-02,	1.63124419e-01,	1.54331832e+00,	            20,	-1.17782980e+03,	0.00000000e+00
            61,	6.00000000e-01,	6.75043081e+02,	1.95764963e-02,	             0,	1.47169414e-01,	1.65556502e-01,	1.49487045e+00,	            20,	-1.17650185e+03,	0.00000000e+00
            62,	6.00000000e-01,	6.74961758e+02,	1.57748776e-02,	             1,	8.13234306e-02,	1.58007209e-01,	1.56438285e+00,	            21,	-1.17154913e+03,	0.00000000e+00
            63,	6.00000000e-01,	6.74887985e+02,	1.04354413e-02,	             1,	7.37724301e-02,	1.60985221e-01,	1.70046142e+00,	            22,	-1.17871059e+03,	0.00000000e+00
            64,	6.00000000e-01,	6.74846713e+02,	6.12652665e-03,	             1,	4.12719594e-02,	1.60756781e-01,	1.56460505e+00,	            23,	-1.17507674e+03,	0.00000000e+00
            65,	6.00000000e-01,	6.74825473e+02,	6.47283631e-03,	             0,	2.12399871e-02,	1.64241722e-01,	1.59359566e+00,	            23,	-1.18272581e+03,	0.00000000e+00
            66,	6.00000000e-01,	6.74813456e+02,	3.23047721e-03,	             1,	1.20170639e-02,	1.57382100e-01,	1.45074220e+00,	            24,	-1.17473412e+03,	0.00000000e+00
            67,	6.00000000e-01,	6.74807455e+02,	4.12775175e-03,	             0,	6.00113368e-03,	1.56385633e-01,	1.44989540e+00,	            24,	-1.17819492e+03,	0.00000000e+00
            68,	6.00000000e-01,	6.74795905e+02,	1.25368331e-02,	             0,	1.15503321e-02,	1.60544282e-01,	1.44942495e+00,	            24,	-1.17810252e+03,	0.00000000e+00
            69,	6.00000000e-01,	6.74755849e+02,	2.47361163e-02,	             0,	4.00555396e-02,	1.58672383e-01,	1.43372248e+00,	            24,	-1.17708035e+03,	0.00000000e+00
            70,	6.00000000e-01,	6.74651272e+02,	2.36729380e-02,	             1,	1.04577056e-01,	1.62048771e-01,	1.70207229e+00,	            25,	-1.16966629e+03,	0.00000000e+00
            71,	6.00000000e-01,	6.74591076e+02,	2.92151821e-03,	             3,	6.01962086e-02,	1.57990903e-01,	1.28878687e+00,	            28,	-1.16961791e+03,	0.00000000e+00
            72,	6.00000000e-01,	6.74566707e+02,	3.03138544e-03,	             0,	2.43686890e-02,	1.52395098e-01,	1.23916852e+00,	            28,	-1.16168026e+03,	0.00000000e+00
            73,	6.00000000e-01,	6.74498063e+02,	7.93333858e-03,	             0,	6.86439883e-02,	1.48320171e-01,	1.21697444e+00,	            28,	-1.16339019e+03,	0.00000000e+00
            74,	6.00000000e-01,	6.74333131e+02,	1.47460446e-02,	             0,	1.64932450e-01,	1.50092897e-01,	1.28066996e+00,	            28,	-1.16293059e+03,	0.00000000e+00
            75,	6.00000000e-01,	6.74279445e+02,	2.16689033e-02,	             0,	5.36857998e-02,	1.66627165e-01,	1.84400154e+00,	            28,	-1.16592988e+03,	0.00000000e+00
            76,	6.00000000e-01,	6.74224395e+02,	4.60810708e-03,	             2,	5.50503222e-02,	1.62710731e-01,	1.51637907e+00,	            30,	-1.17530596e+03,	0.00000000e+00
            77,	6.00000000e-01,	6.74205930e+02,	4.52618781e-03,	             0,	1.84646736e-02,	1.50746815e-01,	1.37433733e+00,	            30,	-1.16228267e+03,	0.00000000e+00
            78,	6.00000000e-01,	6.74192540e+02,	5.09960410e-03,	             0,	1.33896816e-02,	1.58776308e-01,	1.34976338e+00,	            30,	-1.16925159e+03,	0.00000000e+00
            79,	6.00000000e-01,	6.74174542e+02,	8.12728904e-03,	             0,	1.79982094e-02,	1.52892086e-01,	1.36309764e+00,	            30,	-1.16485637e+03,	0.00000000e+00
            80,	6.00000000e-01,	6.74161883e+02,	1.22836176e-02,	             0,	1.26590915e-02,	1.64067503e-01,	1.55370082e+00,	            30,	-1.16790084e+03,	0.00000000e+00
            81,	6.00000000e-01,	6.74145621e+02,	5.48338099e-03,	             1,	1.62625880e-02,	1.56636705e-01,	1.48081753e+00,	            31,	-1.15815388e+03,	0.00000000e+00
            82,	6.00000000e-01,	6.74133611e+02,	4.54948642e-03,	             0,	1.20091820e-02,	1.59392643e-01,	1.34583278e+00,	            31,	-1.16911548e+03,	0.00000000e+00
            83,	6.00000000e-01,	6.74123801e+02,	4.24935412e-03,	             0,	9.81080879e-03,	1.47762226e-01,	1.29458157e+00,	            31,	-1.16132138e+03,	0.00000000e+00
            84,	6.00000000e-01,	6.74113925e+02,	5.22616103e-03,	             0,	9.87602214e-03,	1.52828391e-01,	1.27303141e+00,	            31,	-1.16478834e+03,	0.00000000e+00
            85,	6.00000000e-01,	6.74089029e+02,	9.78884386e-03,	             0,	2.48957567e-02,	1.47688665e-01,	1.34757212e+00,	            31,	-1.16381473e+03,	0.00000000e+00
            86,	6.00000000e-01,	6.74003943e+02,	1.58665817e-02,	             0,	8.50858955e-02,	1.54886941e-01,	1.60039407e+00,	            31,	-1.17095225e+03,	0.00000000e+00
            87,	6.00000000e-01,	6.73975771e+02,	3.78740442e-03,	             2,	2.81722569e-02,	1.46419329e-01,	1.33898183e+00,	            33,	-1.17074718e+03,	0.00000000e+00
            88,	6.00000000e-01,	6.73960270e+02,	3.62541288e-03,	             0,	1.55007112e-02,	1.45870007e-01,	1.25378448e+00,	            33,	-1.17339906e+03,	0.00000000e+00
            89,	6.00000000e-01,	6.73911940e+02,	6.36648443e-03,	             0,	4.83301611e-02,	1.42004619e-01,	1.24044586e+00,	            33,	-1.16988106e+03,	0.00000000e+00
            90,	6.00000000e-01,	6.73742027e+02,	1.68601501e-02,	             0,	1.69912465e-01,	1.45984039e-01,	1.38262340e+00,	            33,	-1.17147826e+03,	0.00000000e+00
            91,	6.00000000e-01,	6.73730202e+02,	4.69563675e-03,	             2,	1.18250914e-02,	1.48176712e-01,	1.38522082e+00,	            35,	-1.17374838e+03,	0.00000000e+00
            92,	6.00000000e-01,	6.73720629e+02,	4.95169302e-03,	             0,	9.57366548e-03,	1.47896196e-01,	1.34201032e+00,	            35,	-1.17340029e+03,	0.00000000e+00
            93,	6.00000000e-01,	6.73709652e+02,	6.09876491e-03,	             0,	1.09766585e-02,	1.47037993e-01,	1.36960047e+00,	            35,	-1.17127629e+03,	0.00000000e+00
            94,	6.00000000e-01,	6.73688375e+02,	8.40039119e-03,	             0,	2.12771405e-02,	1.52755030e-01,	1.39787410e+00,	            35,	-1.17250552e+03,	0.00000000e+00
            95,	6.00000000e-01,	6.73664435e+02,	5.22699414e-03,	             1,	2.39402626e-02,	1.48516810e-01,	1.39674056e+00,	            36,	-1.17057386e+03,	0.00000000e+00
            96,	6.00000000e-01,	6.73639280e+02,	6.04039052e-03,	             0,	2.51542314e-02,	1.54209729e-01,	1.37797801e+00,	            36,	-1.17444453e+03,	0.00000000e+00
            97,	6.00000000e-01,	6.73619074e+02,	7.03750714e-03,	             0,	2.02066205e-02,	1.55899606e-01,	1.48443646e+00,	            36,	-1.17115995e+03,	0.00000000e+00
            98,	6.00000000e-01,	6.73602771e+02,	3.44258838e-03,	             1,	1.63024693e-02,	1.53617450e-01,	1.31198348e+00,	            37,	-1.17602934e+03,	0.00000000e+00
            99,	6.00000000e-01,	6.73590755e+02,	3.84694752e-03,	             0,	1.20163764e-02,	1.48802047e-01,	1.30942771e+00,	            37,	-1.17327932e+03,	0.00000000e+00
           100,	6.00000000e-01,	6.73568181e+02,	8.03492930e-03,	             0,	2.25734209e-02,	1.46414901e-01,	1.31101522e+00,	            37,	-1.17577401e+03,	0.00000000e+00
           101,	6.00000000e-01,	6.73556419e+02,	1.24913618e-02,	             0,	1.17621952e-02,	1.48271985e-01,	1.40298671e+00,	            37,	-1.17685213e+03,	0.00000000e+00
           102,	6.00000000e-01,	6.73552652e+02,	3.16593536e-03,	             2,	3.76769476e-03,	1.45801711e-01,	1.30967545e+00,	            39,	-1.17800120e+03,	0.00000000e+00
           103,	6.00000000e-01,	6.73551171e+02,	3.25942096e-03,	             0,	1.48025111e-03,	1.45729049e-01,	1.30567404e+00,	            39,	-1.17593935e+03,	0.00000000e+00
           104,	6.00000000e-01,	6.73547979e+02,	8.06205575e-03,	             0,	3.19215921e-03,	1.46204485e-01,	1.30493705e+00,	            39,	-1.17600346e+03,	0.00000000e+00
           105,	6.00000000e-01,	6.73464336e+02,	2.41097669e-02,	             0,	8.36435679e-02,	1.54631320e-01,	1.25236969e+00,	            39,	-1.17375977e+03,	0.00000000e+00
           106,	6.00000000e-01,	6.73374258e+02,	4.12584052e-02,	             0,	9.00770429e-02,	1.46380991e-01,	1.64344769e+00,	            39,	-1.16512623e+03,	0.00000000e+00
           107,	6.00000000e-01,	6.73319741e+02,	4.77901005e-03,	             3,	5.45170127e-02,	1.54186100e-01,	1.37812263e+00,	            42,	-1.16838461e+03,	0.00000000e+00
           108,	6.00000000e-01,	6.73287004e+02,	4.19560979e-03,	             0,	3.27377317e-02,	1.50546889e-01,	1.11423744e+00,	            42,	-1.15473861e+03,	0.00000000e+00
           109,	6.00000000e-01,	6.73263592e+02,	4.39047038e-03,	             0,	2.34121490e-02,	1.50043624e-01,	1.03797925e+00,	            42,	-1.15541983e+03,	0.00000000e+00
           110,	6.00000000e-01,	6.73225188e+02,	7.08167825e-03,	             0,	3.84040347e-02,	1.48810219e-01,	9.89596168e-01,	            42,	-1.15728527e+03,	0.00000000e+00
           111,	6.00000000e-01,	6.73200076e+02,	9.90534713e-03,	             0,	2.51118141e-02,	1.50757278e-01,	1.07488593e+00,	            42,	-1.15610423e+03,	0.00000000e+00
           112,	6.00000000e-01,	6.73188289e+02,	5.75794530e-03,	             1,	1.17866632e-02,	1.43514776e-01,	1.02638453e+00,	            43,	-1.15348799e+03,	0.00000000e+00
           113,	6.00000000e-01,	6.73179307e+02,	5.32148374e-03,	             0,	8.98220022e-03,	1.47261254e-01,	1.01069307e+00,	            43,	-1.15192204e+03,	0.00000000e+00
           114,	6.00000000e-01,	6.73172082e+02,	5.08960237e-03,	             0,	7.22536695e-03,	1.44586712e-01,	9.73393601e-01,	            43,	-1.15196200e+03,	0.00000000e+00
           115,	6.00000000e-01,	6.73166132e+02,	5.39295222e-03,	             0,	5.94957348e-03,	1.51323797e-01,	9.78303345e-01,	            43,	-1.15121429e+03,	0.00000000e+00
           116,	6.00000000e-01,	6.73160287e+02,	6.51630151e-03,	             0,	5.84469836e-03,	1.47567313e-01,	9.79935526e-01,	            43,	-1.15103610e+03,	0.00000000e+00
           117,	6.00000000e-01,	6.73155034e+02,	8.05475827e-03,	             0,	5.25302455e-03,	1.50840703e-01,	1.03201993e+00,	            43,	-1.15066900e+03,	0.00000000e+00
           118,	6.00000000e-01,	6.73151067e+02,	8.05714700e-03,	             0,	3.96746384e-03,	1.49305274e-01,	1.06627850e+00,	            43,	-1.15025832e+03,	0.00000000e+00
           119,	6.00000000e-01,	6.73144766e+02,	3.23146656e-03,	             1,	6.30083323e-03,	1.53165718e-01,	9.73413392e-01,	            44,	-1.15022555e+03,	0.00000000e+00
           120,	6.00000000e-01,	6.73141280e+02,	3.63456834e-03,	             0,	3.48627610e-03,	1.51366931e-01,	9.71836695e-01,	            44,	-1.14922032e+03,	0.00000000e+00
           121,	6.00000000e-01,	6.73121591e+02,	1.57195980e-02,	             0,	1.96881656e-02,	1.59399010e-01,	9.82407579e-01,	            44,	-1.14821369e+03,	0.00000000e+00
           122,	6.00000000e-01,	6.73115282e+02,	2.15558442e-02,	             0,	6.30933412e-03,	1.52518802e-01,	1.02435184e+00,	            44,	-1.14522425e+03,	0.00000000e+00
           123,	6.00000000e-01,	6.73113843e+02,	4.71511355e-03,	             2,	1.43894685e-03,	1.56513441e-01,	1.00375358e+00,	            46,	-1.14818863e+03,	0.00000000e+00
           124,	6.00000000e-01,	6.73112925e+02,	4.71593407e-03,	             0,	9.17984619e-04,	1.52552659e-01,	9.86826886e-01,	            46,	-1.14570419e+03,	0.00000000e+00
           125,	6.00000000e-01,	6.73112241e+02,	5.76171117e-03,	             0,	6.84626169e-04,	1.51561827e-01,	9.85941539e-01,	            46,	-1.14682978e+03,	0.00000000e+00
           126,	6.00000000e-01,	6.73111176e+02,	9.06243045e-03,	             0,	1.06453059e-03,	1.50655446e-01,	9.88785623e-01,	            46,	-1.14632147e+03,	0.00000000e+00
           127,	6.00000000e-01,	6.73108235e+02,	1.32332672e-02,	             0,	2.94133063e-03,	1.52437124e-01,	1.03313295e+00,	            46,	-1.14717375e+03,	0.00000000e+00
           128,	6.00000000e-01,	6.73099721e+02,	7.47950170e-03,	             1,	8.51332712e-03,	1.52006220e-01,	1.06764453e+00,	            47,	-1.14624591e+03,	0.00000000e+00
           129,	6.00000000e-01,	6.73081858e+02,	7.81804738e-03,	             0,	1.78632563e-02,	1.56604951e-01,	1.10944336e+00,	            47,	-1.15172355e+03,	0.00000000e+00
           130,	6.00000000e-01,	6.73068155e+02,	3.88472721e-03,	             1,	1.37031305e-02,	1.50619960e-01,	9.83764390e-01,	            48,	-1.14939839e+03,	0.00000000e+00
           131,	6.00000000e-01,	6.73061744e+02,	4.26239237e-03,	             0,	6.41085916e-03,	1.52757162e-01,	9.63108992e-01,	            48,	-1.15260308e+03,	0.00000000e+00
           132,	6.00000000e-01,	6.73054829e+02,	6.85432457e-03,	             0,	6.91552480e-03,	1.48821645e-01,	9.59719577e-01,	            48,	-1.15194669e+03,	0.00000000e+00
           133,	6.00000000e-01,	6.73043896e+02,	1.12479609e-02,	             0,	1.09328286e-02,	1.50452552e-01,	9.71049318e-01,	            48,	-1.15261001e+03,	0.00000000e+00
           134,	6.00000000e-01,	6.73038286e+02,	7.94509763e-03,	             1,	5.60937391e-03,	1.52113123e-01,	9.92881847e-01,	            49,	-1.15174310e+03,	0.00000000e+00
           135,	6.00000000e-01,	6.73034459e+02,	3.80765208e-03,	             1,	3.82768119e-03,	1.49206838e-01,	9.37980324e-01,	            50,	-1.15375963e+03,	0.00000000e+00
           136,	6.00000000e-01,	6.73032603e+02,	3.84422104e-03,	             0,	1.85598851e-03,	1.45646991e-01,	9.23536281e-01,	            50,	-1.15177329e+03,	0.00000000e+00
           137,	6.00000000e-01,	6.73030593e+02,	5.92900200e-03,	             0,	2.00995254e-03,	1.44975628e-01,	9.19267542e-01,	            50,	-1.15216377e+03,	0.00000000e+00
           138,	6.00000000e-01,	6.73028022e+02,	1.15683580e-02,	             0,	2.57050626e-03,	1.49256027e-01,	9.23670420e-01,	            50,	-1.15170418e+03,	0.00000000e+00
           139,	6.00000000e-01,	6.73027161e+02,	8.10659867e-03,	             1,	8.61495382e-04,	1.45528629e-01,	9.36859971e-01,	            51,	-1.15183150e+03,	0.00000000e+00
           140,	6.00000000e-01,	6.73026326e+02,	3.50354408e-03,	             1,	8.35087708e-04,	1.45654627e-01,	9.10629938e-01,	            52,	-1.15088282e+03,	0.00000000e+00
           141,	6.00000000e-01,	6.73025936e+02,	3.65220721e-03,	             0,	3.89962137e-04,	1.45693601e-01,	9.08184404e-01,	            52,	-1.15143363e+03,	0.00000000e+00
           142,	6.00000000e-01,	6.73025144e+02,	8.79394297e-03,	             0,	7.92059578e-04,	1.43470557e-01,	9.07373006e-01,	            52,	-1.15129507e+03,	0.00000000e+00
           143,	6.00000000e-01,	6.73023647e+02,	2.46215951e-02,	             0,	1.49631635e-03,	1.36975184e-01,	9.22041407e-01,	            52,	-1.15127855e+03,	0.00000000e+00
           144,	6.00000000e-01,	6.73023317e+02,	4.21831794e-03,	             3,	3.30688721e-04,	1.38610764e-01,	9.09634725e-01,	            55,	-1.15086503e+03,	0.00000000e+00
           145,	6.00000000e-01,	6.73023095e+02,	4.12021418e-03,	             0,	2.21686352e-04,	1.36448662e-01,	9.05705902e-01,	            55,	-1.15122520e+03,	0.00000000e+00
           146,	6.00000000e-01,	6.73022815e+02,	6.04986634e-03,	             0,	2.80277593e-04,	1.37885388e-01,	9.05791347e-01,	            55,	-1.15102659e+03,	0.00000000e+00
           147,	6.00000000e-01,	6.73022138e+02,	1.57594486e-02,	             0,	6.76490873e-04,	1.36148252e-01,	9.16747377e-01,	            55,	-1.15105911e+03,	0.00000000e+00
           148,	6.00000000e-01,	6.73021861e+02,	6.67756666e-03,	             2,	2.77178240e-04,	1.42462208e-01,	9.15711633e-01,	            57,	-1.15057742e+03,	0.00000000e+00
           149,	6.00000000e-01,	6.73021565e+02,	3.31394842e-03,	             1,	2.96525265e-04,	1.37665678e-01,	9.02815086e-01,	            58,	-1.15098494e+03,	0.00000000e+00
           150,	6.00000000e-01,	6.73021361e+02,	4.25035828e-03,	             0,	2.03594454e-04,	1.37777762e-01,	9.01471830e-01,	            58,	-1.15055676e+03,	0.00000000e+00
           151,	6.00000000e-01,	6.73021033e+02,	7.90669004e-03,	             1,	3.28414491e-04,	1.39830076e-01,	9.00485558e-01,	            59,	-1.15048494e+03,	0.00000000e+00
           152,	6.00000000e-01,	6.73020948e+02,	2.66539146e-03,	             3,	8.48097544e-05,	1.40058841e-01,	8.99280186e-01,	            62,	-1.15022280e+03,	0.00000000e+00
           153,	6.00000000e-01,	6.73020929e+02,	6.72438648e-04,	             4,	1.83873888e-05,	1.40124703e-01,	8.99083433e-01,	            66,	-1.15018904e+03,	0.00000000e+00
           154,	6.00000000e-01,	6.73020920e+02,	3.48402643e-04,	             4,	9.11505299e-06,	1.40165491e-01,	8.98993083e-01,	            70,	-1.15017444e+03,	0.00000000e+00
           155,	6.00000000e-01,	6.73020919e+02,	6.21985852e-05,	             6,	1.59707542e-06,	1.40173110e-01,	8.98974058e-01,	            76,	-1.15016739e+03,	0.00000000e+00
           156,	6.00000000e-01,	6.73020919e+02,	3.27568071e-06,	             9,	8.38849701e-08,	1.40173514e-01,	8.98972478e-01,	            85,	-1.15016618e+03,	0.00000000e+00
           157,	6.00000000e-01,	6.73020919e+02,	7.51411290e-07,	             9,	1.92616199e-08,	1.40173606e-01,	8.98972261e-01,	            94,	-1.15016611e+03,	0.00000000e+00
           158,	6.00000000e-01,	6.73020919e+02,	1.79938282e-07,	            10,	4.65013272e-09,	1.40173629e-01,	8.98972209e-01,	           104,	-1.15016609e+03,	0.00000000e+00
           159,	6.00000000e-01,	6.73020918e+02,	8.80538513e-08,	            10,	2.27441888e-09,	1.40173639e-01,	8.98972185e-01,	           114,	-1.15016609e+03,	0.00000000e+00
           160,	6.00000000e-01,	6.73020918e+02,	1.92486672e-09,	            15,	-1.46883394e-10,	1.40173640e-01,	8.98972168e-01,	           129,	-1.15016611e+03,	0.00000000e+00
           161,	6.00000000e-01,	6.73020918e+02,	1.16014653e-06,	             3,	2.97322913e-08,	1.40173783e-01,	8.98971917e-01,	           132,	-1.15016608e+03,	0.00000000e+00
           162,	6.00000000e-01,	6.73020918e+02,	1.11790473e-07,	            11,	2.96427061e-09,	1.40173796e-01,	8.98971876e-01,	           143,	-1.15016606e+03,	0.00000000e+00
           163,	6.00000000e-01,	6.73020918e+02,	1.38806721e-07,	             9,	3.57113095e-09,	1.40173814e-01,	8.98971842e-01,	           152,	-1.15016606e+03,	0.00000000e+00
           164,	6.00000000e-01,	6.73020918e+02,	1.54670236e-07,	             9,	3.97892563e-09,	1.40173833e-01,	8.98971804e-01,	           161,	-1.15016605e+03,	0.00000000e+00
           165,	6.00000000e-01,	6.73020918e+02,	1.63268927e-07,	             9,	4.23085567e-09,	1.40173853e-01,	8.98971766e-01,	           170,	-1.15016605e+03,	0.00000000e+00
           166,	6.00000000e-01,	6.73020918e+02,	2.62102561e-09,	            15,	-2.46018317e-10,	1.40173853e-01,	8.98971718e-01,	           185,	-1.15016605e+03,	0.00000000e+00
           167,	6.00000000e-01,	6.73020918e+02,	1.35346924e-06,	             3,	3.47002924e-08,	1.40174020e-01,	8.98971449e-01,	           188,	-1.15016604e+03,	0.00000000e+00
           168,	6.00000000e-01,	6.73020918e+02,	1.93187821e-06,	             7,	4.95682571e-08,	1.40174258e-01,	8.98970985e-01,	           195,	-1.15016601e+03,	0.00000000e+00
           169,	6.00000000e-01,	6.73020918e+02,	7.21239770e-08,	            12,	1.91698746e-09,	1.40174267e-01,	8.98970943e-01,	           207,	-1.15016597e+03,	0.00000000e+00
           170,	6.00000000e-01,	6.73020918e+02,	3.48394429e-09,	            14,	-1.20735422e-10,	1.40174268e-01,	8.98970915e-01,	           221,	-1.15016596e+03,	0.00000000e+00
           171,	6.00000000e-01,	6.73020918e+02,	2.43956931e-08,	             9,	6.13567863e-10,	1.40174271e-01,	8.98970937e-01,	           230,	-1.15016597e+03,	0.00000000e+00
           172,	6.00000000e-01,	6.73020918e+02,	5.19016833e-07,	             6,	1.32953346e-08,	1.40174335e-01,	8.98970815e-01,	           236,	-1.15016596e+03,	0.00000000e+00
           173,	6.00000000e-01,	6.73020918e+02,	1.19624936e-06,	             7,	3.06481525e-08,	1.40174482e-01,	8.98970531e-01,	           243,	-1.15016595e+03,	0.00000000e+00
           174,	6.00000000e-01,	6.73020918e+02,	4.54020732e-07,	             9,	1.17101990e-08,	1.40174538e-01,	8.98970411e-01,	           252,	-1.15016592e+03,	0.00000000e+00
           175,	6.00000000e-01,	6.73020918e+02,	2.18518039e-09,	            16,	-1.28352440e-10,	1.40174539e-01,	8.98970401e-01,	           268,	-1.15016591e+03,	0.00000000e+00
           176,	6.00000000e-01,	6.73020918e+02,	2.47333740e-06,	             2,	6.33501713e-08,	1.40174844e-01,	8.98969833e-01,	           270,	-1.15016590e+03,	0.00000000e+00
           177,	6.00000000e-01,	6.73020918e+02,	2.04004821e-08,	            14,	5.95150595e-10,	1.40174847e-01,	8.98969798e-01,	           284,	-1.15016586e+03,	0.00000000e+00
           178,	6.00000000e-01,	6.73020918e+02,	3.70549440e-09,	            13,	-5.08180165e-11,	1.40174847e-01,	8.98969842e-01,	           297,	-1.15016586e+03,	0.00000000e+00
           179,	6.00000000e-01,	6.73020918e+02,	2.02128669e-07,	             6,	5.23061772e-09,	1.40174872e-01,	8.98969747e-01,	           303,	-1.15016585e+03,	0.00000000e+00
           180,	6.00000000e-01,	6.73020918e+02,	2.91593973e-09,	            15,	-1.77351467e-11,	1.40174872e-01,	8.98969724e-01,	           318,	-1.15016586e+03,	0.00000000e+00
           181,	6.00000000e-01,	6.73020918e+02,	7.13744141e-07,	             4,	1.83082420e-08,	1.40174961e-01,	8.98969579e-01,	           322,	-1.15016585e+03,	0.00000000e+00
           182,	6.00000000e-01,	6.73020918e+02,	3.50682436e-07,	             9,	9.02196007e-09,	1.40175004e-01,	8.98969489e-01,	           331,	-1.15016583e+03,	0.00000000e+00
           183,	6.00000000e-01,	6.73020918e+02,	2.45804008e-07,	             9,	6.34929620e-09,	1.40175034e-01,	8.98969428e-01,	           340,	-1.15016582e+03,	0.00000000e+00
           184,	6.00000000e-01,	6.73020918e+02,	1.60773685e-09,	            16,	-2.86490831e-10,	1.40175035e-01,	8.98969446e-01,	           356,	-1.15016580e+03,	0.00000000e+00
           185,	6.00000000e-01,	6.73020918e+02,	4.24298474e-06,	             1,	1.08740323e-07,	1.40175559e-01,	8.98968443e-01,	           357,	-1.15016580e+03,	0.00000000e+00
           186,	6.00000000e-01,	6.73020918e+02,	1.66984748e-09,	            18,	-2.11684892e-10,	1.40175559e-01,	8.98968262e-01,	           375,	-1.15016570e+03,	0.00000000e+00
